"no","file","local","original_in_file","download_url"
"1","0c68009d-f_topPage_btn.png","/images/makeshop/0c68009d-f_topPage_btn.png","https://gigaplus.makeshop.jp/makun17060/img/f_topPage_btn.png","https://gigaplus.makeshop.jp/makun17060/img/f_topPage_btn.png"
"2","b0e0fc23-f_tit_goriyou.png","/images/makeshop/b0e0fc23-f_tit_goriyou.png","https://gigaplus.makeshop.jp/makun17060/img/f_tit_goriyou.png","https://gigaplus.makeshop.jp/makun17060/img/f_tit_goriyou.png"
"3","547dd617-f_guide01.png","/images/makeshop/547dd617-f_guide01.png","https://gigaplus.makeshop.jp/makun17060/img/f_guide01.png","https://gigaplus.makeshop.jp/makun17060/img/f_guide01.png"
"4","2f3d258b-f_guide01_img01.png","/images/makeshop/2f3d258b-f_guide01_img01.png","https://gigaplus.makeshop.jp/makun17060/img/f_guide01_img01.png","https://gigaplus.makeshop.jp/makun17060/img/f_guide01_img01.png"
"5","58b24dfb-f_guide04.png","/images/makeshop/58b24dfb-f_guide04.png","https://gigaplus.makeshop.jp/makun17060/img/f_guide04.png","https://gigaplus.makeshop.jp/makun17060/img/f_guide04.png"
"6","4ee55021-f_guide03.png","/images/makeshop/4ee55021-f_guide03.png","https://gigaplus.makeshop.jp/makun17060/img/f_guide03.png","https://gigaplus.makeshop.jp/makun17060/img/f_guide03.png"
"7","4cb893fa-ap_logo-0000.jpg","/images/makeshop/4cb893fa-ap_logo-0000.jpg","https://gigaplus.makeshop.jp/makun17060/logo/ap_logo-0000.jpg","https://gigaplus.makeshop.jp/makun17060/logo/ap_logo-0000.jpg"
"8","85e604e2-B10_20170331.jpg300.jpg","/images/makeshop/85e604e2-B10_20170331.jpg300.jpg","https://gigaplus.makeshop.jp/makun17060/logo/B10_20170331.jpg300.jpg","https://gigaplus.makeshop.jp/makun17060/logo/B10_20170331.jpg300.jpg"
"9","5ff553f6-card_visa.png","/images/makeshop/5ff553f6-card_visa.png","https://gigaplus.makeshop.jp/makun17060/img/card_visa.png","https://gigaplus.makeshop.jp/makun17060/img/card_visa.png"
"10","f64164df-card_master.png","/images/makeshop/f64164df-card_master.png","https://gigaplus.makeshop.jp/makun17060/img/card_master.png","https://gigaplus.makeshop.jp/makun17060/img/card_master.png"
"11","2bc7b57e-card_jcb.png","/images/makeshop/2bc7b57e-card_jcb.png","https://gigaplus.makeshop.jp/makun17060/img/card_jcb.png","https://gigaplus.makeshop.jp/makun17060/img/card_jcb.png"
"12","b33f5570-card_amex.png","/images/makeshop/b33f5570-card_amex.png","https://gigaplus.makeshop.jp/makun17060/img/card_amex.png","https://gigaplus.makeshop.jp/makun17060/img/card_amex.png"
"13","079e5892-card_dinersclab.jpg","/images/makeshop/079e5892-card_dinersclab.jpg","https://gigaplus.makeshop.jp/makun17060/img/card_dinersclab.jpg","https://gigaplus.makeshop.jp/makun17060/img/card_dinersclab.jpg"
"14","74e9c8dd-f_guide05.png","/images/makeshop/74e9c8dd-f_guide05.png","https://gigaplus.makeshop.jp/makun17060/img/f_guide05.png","https://gigaplus.makeshop.jp/makun17060/img/f_guide05.png"
"15","51c3ecce-f_guide02.png","/images/makeshop/51c3ecce-f_guide02.png","https://gigaplus.makeshop.jp/makun17060/img/f_guide02.png","https://gigaplus.makeshop.jp/makun17060/img/f_guide02.png"
"16","0f3063c9-f_guide06.png","/images/makeshop/0f3063c9-f_guide06.png","https://gigaplus.makeshop.jp/makun17060/img/f_guide06.png","https://gigaplus.makeshop.jp/makun17060/img/f_guide06.png"
"17","2eb6c2cd-bnr_review.jpg","/images/makeshop/2eb6c2cd-bnr_review.jpg","https://gigaplus.makeshop.jp/makun17060/img/bnr_review.jpg","https://gigaplus.makeshop.jp/makun17060/img/bnr_review.jpg"
"18","3969f086-t_tit_review.png","/images/makeshop/3969f086-t_tit_review.png","https://gigaplus.makeshop.jp/makun17060/img/t_tit_review.png","https://gigaplus.makeshop.jp/makun17060/img/t_tit_review.png"
"19","8bd1436e-l_tit_category.png","/images/makeshop/8bd1436e-l_tit_category.png","https://gigaplus.makeshop.jp/makun17060/img/l_tit_category.png","https://gigaplus.makeshop.jp/makun17060/img/l_tit_category.png"
"20","4ab53150-line1.png","/images/makeshop/4ab53150-line1.png","https://gigaplus.makeshop.jp/makun17060/img/line1.png","https://gigaplus.makeshop.jp/makun17060/img/line1.png"
"21","897fa56f-pc_bnr_side1.jpg","/images/makeshop/897fa56f-pc_bnr_side1.jpg","https://gigaplus.makeshop.jp/makun17060/lp-20200630/pc_bnr_side1.jpg","https://gigaplus.makeshop.jp/makun17060/lp-20200630/pc_bnr_side1.jpg"
"22","94d48f20-side_banner_180x100_fixed.png","/images/makeshop/94d48f20-side_banner_180x100_fixed.png","https://gigaplus.makeshop.jp/makun17060/lp-20200630/side_banner_180x100_fixed.png","https://gigaplus.makeshop.jp/makun17060/lp-20200630/side_banner_180x100_fixed.png"
"23","ccf5e2a3-t_subBnr03.jpg","/images/makeshop/ccf5e2a3-t_subBnr03.jpg","https://gigaplus.makeshop.jp/makun17060/img/t_subBnr03.jpg","https://gigaplus.makeshop.jp/makun17060/img/t_subBnr03.jpg"
"24","50763bcf-banner_buy_now_lower_2200.png","/images/makeshop/50763bcf-banner_buy_now_lower_2200.png","https://gigaplus.makeshop.jp/makun17060/lp-20200630/banner_buy_now_lower_2200.png","https://gigaplus.makeshop.jp/makun17060/lp-20200630/banner_buy_now_lower_2200.png"
"25","6b738898-new_t_subBnr01.png","/images/makeshop/6b738898-new_t_subBnr01.png","https://gigaplus.makeshop.jp/makun17060/img/new_t_subBnr01.png","https://gigaplus.makeshop.jp/makun17060/img/new_t_subBnr01.png"
"26","b1e35784-t_subBnr02.jpg.photo.jpg","/images/makeshop/b1e35784-t_subBnr02.jpg.photo.jpg","https://gigaplus.makeshop.jp/makun17060/logo/t_subBnr02.jpg.photo.jpg","https://gigaplus.makeshop.jp/makun17060/logo/t_subBnr02.jpg.photo.jpg"
"27","37b4ebf9-pc_bnr1.jpg","/images/makeshop/37b4ebf9-pc_bnr1.jpg","https://gigaplus.makeshop.jp/makun17060/lp-20200630/pc_bnr1.jpg","https://gigaplus.makeshop.jp/makun17060/lp-20200630/pc_bnr1.jpg"
"28","b747ea1f-baibainew.png","/images/makeshop/b747ea1f-baibainew.png","https://gigaplus.makeshop.jp/makun17060/lp-20200630/baibainew.png","https://gigaplus.makeshop.jp/makun17060/lp-20200630/baibainew.png"
"29","e21776ee-t_tit_rank.png","/images/makeshop/e21776ee-t_tit_rank.png","https://gigaplus.makeshop.jp/makun17060/img/t_tit_rank.png","https://gigaplus.makeshop.jp/makun17060/img/t_tit_rank.png"
"30","b56f6c11-t_tit_news.png","/images/makeshop/b56f6c11-t_tit_news.png","https://gigaplus.makeshop.jp/makun17060/img/t_tit_news.png","https://gigaplus.makeshop.jp/makun17060/img/t_tit_news.png"
"31","6e7434e9-oshirase.png","/images/makeshop/6e7434e9-oshirase.png","https://gigaplus.makeshop.jp/makun17060/img/oshirase.png","https://gigaplus.makeshop.jp/makun17060/img/oshirase.png"
"32","7f985008-all_item.png","/images/makeshop/7f985008-all_item.png","https://gigaplus.makeshop.jp/makun17060/img/all_item.png","https://gigaplus.makeshop.jp/makun17060/img/all_item.png"
"33","0858c51d-isoya9.png","/images/makeshop/0858c51d-isoya9.png","https://gigaplus.makeshop.jp/makun17060/logo/isoya9.png","https://gigaplus.makeshop.jp/makun17060/logo/isoya9.png"
"34","68c2cbbc-20231115.png","/images/makeshop/68c2cbbc-20231115.png","https://gigaplus.makeshop.jp/makun17060/logo/20231115.png","https://gigaplus.makeshop.jp/makun17060/logo/20231115.png"
"35","921ed37e-bg.png","/images/makeshop/921ed37e-bg.png","https://gigaplus.makeshop.jp/makun17060/img/bg.png","https://gigaplus.makeshop.jp/makun17060/img/bg.png"
"36","2a564dd6-h_subBnr02.png","/images/makeshop/2a564dd6-h_subBnr02.png","https://gigaplus.makeshop.jp/makun17060/img/h_subBnr02.png","https://gigaplus.makeshop.jp/makun17060/img/h_subBnr02.png"
"37","2396d728-h_search_btn.png","/images/makeshop/2396d728-h_search_btn.png","https://gigaplus.makeshop.jp/makun17060/img/h_search_btn.png","https://gigaplus.makeshop.jp/makun17060/img/h_search_btn.png"
"38","1f1d297e-h_subBnr03.png","/images/makeshop/1f1d297e-h_subBnr03.png","https://gigaplus.makeshop.jp/makun17060/img/h_subBnr03.png","https://gigaplus.makeshop.jp/makun17060/img/h_subBnr03.png"
"39","6071bf14-h_icon_arrow01.png","/images/makeshop/6071bf14-h_icon_arrow01.png","https://gigaplus.makeshop.jp/makun17060/img/h_icon_arrow01.png","https://gigaplus.makeshop.jp/makun17060/img/h_icon_arrow01.png"
"40","4f1f99b5-h_gNav01.png","/images/makeshop/4f1f99b5-h_gNav01.png","https://gigaplus.makeshop.jp/makun17060/img/h_gNav01.png","https://gigaplus.makeshop.jp/makun17060/img/h_gNav01.png"
"41","621dc74f-h_gNav02.png","/images/makeshop/621dc74f-h_gNav02.png","https://gigaplus.makeshop.jp/makun17060/img/h_gNav02.png","https://gigaplus.makeshop.jp/makun17060/img/h_gNav02.png"
"42","3ad65fae-h_gNav03.png","/images/makeshop/3ad65fae-h_gNav03.png","https://gigaplus.makeshop.jp/makun17060/img/h_gNav03.png","https://gigaplus.makeshop.jp/makun17060/img/h_gNav03.png"
"43","8bd12137-h_gNav04.png","/images/makeshop/8bd12137-h_gNav04.png","https://gigaplus.makeshop.jp/makun17060/img/h_gNav04.png","https://gigaplus.makeshop.jp/makun17060/img/h_gNav04.png"
"44","e3a0b2b0-h_gNav05.png","/images/makeshop/e3a0b2b0-h_gNav05.png","https://gigaplus.makeshop.jp/makun17060/img/h_gNav05.png","https://gigaplus.makeshop.jp/makun17060/img/h_gNav05.png"
"45","ec9db3f8-l_icon_arrow01.png","/images/makeshop/ec9db3f8-l_icon_arrow01.png","https://gigaplus.makeshop.jp/makun17060/img/l_icon_arrow01.png","https://gigaplus.makeshop.jp/makun17060/img/l_icon_arrow01.png"
"46","5613888f-l_bg.png","/images/makeshop/5613888f-l_bg.png","https://gigaplus.makeshop.jp/makun17060/img/l_bg.png","https://gigaplus.makeshop.jp/makun17060/img/l_bg.png"
"47","12c555b3-l_icon_arrow03.png","/images/makeshop/12c555b3-l_icon_arrow03.png","https://gigaplus.makeshop.jp/makun17060/img/l_icon_arrow03.png","https://gigaplus.makeshop.jp/makun17060/img/l_icon_arrow03.png"
"48","0b488cf1-l_icon_arrow02.png","/images/makeshop/0b488cf1-l_icon_arrow02.png","https://gigaplus.makeshop.jp/makun17060/img/l_icon_arrow02.png","https://gigaplus.makeshop.jp/makun17060/img/l_icon_arrow02.png"
"49","7376c293-icon_arrow04.png","/images/makeshop/7376c293-icon_arrow04.png","https://gigaplus.makeshop.jp/plascom/img/icon_arrow04.png","https://gigaplus.makeshop.jp/plascom/img/icon_arrow04.png"
"50","428822f2-rankIcon1.png","/images/makeshop/428822f2-rankIcon1.png","https://gigaplus.makeshop.jp/makun17060/img/rankIcon1.png","https://gigaplus.makeshop.jp/makun17060/img/rankIcon1.png"
"51","0ce6dc8a-rankIcon2.png","/images/makeshop/0ce6dc8a-rankIcon2.png","https://gigaplus.makeshop.jp/makun17060/img/rankIcon2.png","https://gigaplus.makeshop.jp/makun17060/img/rankIcon2.png"
"52","1a48d373-rankIcon3.png","/images/makeshop/1a48d373-rankIcon3.png","https://gigaplus.makeshop.jp/makun17060/img/rankIcon3.png","https://gigaplus.makeshop.jp/makun17060/img/rankIcon3.png"
"53","1898534e-rankIcon4.png","/images/makeshop/1898534e-rankIcon4.png","https://gigaplus.makeshop.jp/makun17060/img/rankIcon4.png","https://gigaplus.makeshop.jp/makun17060/img/rankIcon4.png"
"54","6dcb666a-rankIcon6.png","/images/makeshop/6dcb666a-rankIcon6.png","https://gigaplus.makeshop.jp/makun17060/img/rankIcon6.png","https://gigaplus.makeshop.jp/makun17060/img/rankIcon6.png"
"55","a5e8b462-rankIcon7.png","/images/makeshop/a5e8b462-rankIcon7.png","https://gigaplus.makeshop.jp/makun17060/img/rankIcon7.png","https://gigaplus.makeshop.jp/makun17060/img/rankIcon7.png"
"56","8703d650-rankIcon8.png","/images/makeshop/8703d650-rankIcon8.png","https://gigaplus.makeshop.jp/makun17060/img/rankIcon8.png","https://gigaplus.makeshop.jp/makun17060/img/rankIcon8.png"
"57","27495bbf-rankIcon9.png","/images/makeshop/27495bbf-rankIcon9.png","https://gigaplus.makeshop.jp/makun17060/img/rankIcon9.png","https://gigaplus.makeshop.jp/makun17060/img/rankIcon9.png"
"58","e11c344c-rankIcon10.png","/images/makeshop/e11c344c-rankIcon10.png","https://gigaplus.makeshop.jp/makun17060/img/rankIcon10.png","https://gigaplus.makeshop.jp/makun17060/img/rankIcon10.png"
"59","5d8cbc23-back.png","/images/makeshop/5d8cbc23-back.png","https://gigaplus.makeshop.jp/makun17060/img/back.png","https://gigaplus.makeshop.jp/makun17060/img/back.png"
"60","5dc9c916-f_bg01.png","/images/makeshop/5dc9c916-f_bg01.png","https://gigaplus.makeshop.jp/makun17060/img/f_bg01.png","https://gigaplus.makeshop.jp/makun17060/img/f_bg01.png"
"61","35e576b4-f_bg.png","/images/makeshop/35e576b4-f_bg.png","https://gigaplus.makeshop.jp/makun17060/img/f_bg.png","https://gigaplus.makeshop.jp/makun17060/img/f_bg.png"
"62","b7a80c5f-f_guide06_img01.png","/images/makeshop/b7a80c5f-f_guide06_img01.png","https://gigaplus.makeshop.jp/makun17060/img/f_guide06_img01.png","https://gigaplus.makeshop.jp/makun17060/img/f_guide06_img01.png"
"63","8586755a-pc_lp1_2.jpg","/images/makeshop/8586755a-pc_lp1_2.jpg","https://gigaplus.makeshop.jp/makun17060/lp-20200630/lp1/pc_lp1_2.jpg","https://gigaplus.makeshop.jp/makun17060/lp-20200630/lp1/pc_lp1_2.jpg"
"64","fbba1318-pc_lp1_4.png","/images/makeshop/fbba1318-pc_lp1_4.png","https://gigaplus.makeshop.jp/makun17060/lp-20200630/lp1/pc_lp1_4.png","https://gigaplus.makeshop.jp/makun17060/lp-20200630/lp1/pc_lp1_4.png"
"65","e72fd593-pc_lp1_5.jpg","/images/makeshop/e72fd593-pc_lp1_5.jpg","https://gigaplus.makeshop.jp/makun17060/lp-20200630/lp1/pc_lp1_5.jpg","https://gigaplus.makeshop.jp/makun17060/lp-20200630/lp1/pc_lp1_5.jpg"